<?xml version="1.0" encoding="UTF-8"?>
<addon id="repository.databass" name="[B][COLOR olive]DataBass's[/COLOR] Repository[/B]" version="1.0.1" provider-name="databass">
    <extension point="xbmc.addon.repository" name="[B][COLOR olive]DataBass's[/COLOR] Repository[/B]">
        <dir>
            <info compressed="false">https://raw.githubusercontent.com/DataBass504/repository.databass/master/zips/addons.xml</info>
            <checksum>https://raw.githubusercontent.com/DataBass504/repository.databass/master/zips/addons.xml.md5</checksum>
            <datadir zip="true">https://raw.githubusercontent.com/DataBass504/repository.databass/master/zips/</datadir>
        </dir>
        <dir>
            <info compressed="false">https://raw.githubusercontent.com/nixgates/nixgates/master/packages/addons.xml</info>
            <checksum>https://raw.githubusercontent.com/nixgates/nixgates/master/packages/addons.xml.md5</checksum>
            <datadir zip="true">https://raw.githubusercontent.com/nixgates/nixgates/master/packages/</datadir>
        </dir>
        <dir>
            <info compressed="false">https://raw.githubusercontent.com/a4k-openproject/repository.openmeta/master/zips/addons.xml</info>
            <checksum>https://raw.githubusercontent.com/a4k-openproject/repository.openmeta/master/zips/addons.xml.md5</checksum>
            <datadir zip="true">https://raw.githubusercontent.com/a4k-openproject/repository.openmeta/master/zips/</datadir>
        </dir>
        <dir>
            <info compressed="false">https://raw.githubusercontent.com/Alanon202/repository.alanon/master/leia/addons.xml</info>
            <checksum>https://raw.githubusercontent.com/Alanon202/repository.alanon/master/leia/addons.xml.md5</checksum>
            <datadir zip="true">https://raw.githubusercontent.com/Alanon202/repository.alanon/master/leia/</datadir>
        </dir>
        <dir>
            <info compressed="false">https://raw.githubusercontent.com/cartmandos/repository.bingie/master/addons.xml</info>
            <checksum>https://raw.githubusercontent.com/cartmandos/repository.bingie/master/addons.xml.md5</checksum>
            <datadir zip="true">https://raw.githubusercontent.com/cartmandos/repository.bingie/master/</datadir>
        </dir>
        <dir>
            <info compressed="false">https://raw.githubusercontent.com/aenemapy/aenemapyrepo/master/addons.xml</info>
            <checksum>https://raw.githubusercontent.com/aenemapy/aenemapyrepo/master/addons.xml.md5</checksum>
            <datadir zip="true">https://raw.githubusercontent.com/aenemapy/aenemapyrepo/master/zips/</datadir>
        </dir>
        <dir>
            <info compressed="false">https://raw.githubusercontent.com/skyfsza/repository.auramod/master/addons.xml</info>
            <checksum>https://raw.githubusercontent.com/skyfsza/repository.auramod/master/addons.xml.md5</checksum>
            <datadir zip="true">https://raw.githubusercontent.com/skyfsza/repository.auramod/master/</datadir>
        </dir>
    </extension>
    <extension point="xbmc.addon.metadata">
        <summary>[B][COLOR olive]DataBass's[/COLOR] Repository[/B]</summary>
        <description>Collection of kodi addons and fixes for personal use.</description>
        <disclaimer></disclaimer>
        <platform>all</platform>
        <assets>
            <icon>icon.png</icon>
            <fanart>fanart.jpg</fanart>
        </assets>
    </extension>
</addon>
